,Name,VDW,HB,HP,HM,HS,RT,x-score,q,C,N,O,H,F,P,S,Cl,Br,I,1,2,3,am,ar,his,arg,lys,ile,phe,leu,trp,ala,met,pro,val,cys,asn,gly,ser,gln,tyr,thr,asp,glu,hoh,phis,parg,plys,pile,pphe,pleu,ptrp,pala,pmet,ppro,pval,pcys,pasn,pgly,pser,pgln,ptyr,pthr,pasp,pglu,Pre
0,1a30,535.3,5.4,47.2,1.54,164.6,10.0,5.73,-2,15,3,8,23,0,0,0,0,0,0,38,2,0,2,6,0,2,1,5,1,4,0,1,1,2,3,0,2,6,0,0,0,3,3,0,16,1,4,7,15,2,10,2,3,2,6,6,2,3,13,1,5,1,8,4,4,6.483633333333336
1,1bcu,384.9,0.6,30.3,0.0,159.1,0.0,5.33,0,13,3,0,11,0,0,0,0,0,0,13,0,0,0,16,1,1,3,2,1,2,2,2,0,0,3,2,1,7,2,0,2,0,3,3,11,5,20,21,16,10,25,8,12,7,15,16,8,10,21,16,8,11,9,18,19,5.239399999999999
2,1bzc,599.9,6.6,108.0,2.87,130.3,5.0,6.8,-3,17,2,7,14,2,1,0,0,0,0,24,2,0,2,16,1,5,3,2,2,2,1,1,1,1,1,1,2,6,2,3,2,3,2,1,11,9,17,22,16,14,27,6,13,10,12,16,6,10,14,24,14,9,13,18,27,6.78638333333333
3,1c5z,296.5,2.9,23.2,0.0,120.8,0.0,5.08,1,7,2,0,9,0,0,0,0,0,0,10,0,0,0,8,2,1,2,3,0,2,1,2,0,1,3,2,0,6,4,1,2,1,3,0,11,9,13,13,16,7,18,5,11,6,12,12,11,6,21,20,11,12,19,11,12,5.015633333333326
4,1e66,629.9,0.0,147.7,2.79,357.8,1.0,7.16,0,18,2,0,19,0,0,0,1,0,0,31,1,0,0,11,1,1,1,2,7,3,5,1,2,1,1,0,2,7,7,1,5,0,1,4,21,13,24,25,21,34,49,14,23,15,32,40,7,35,44,43,16,17,22,24,34,7.900000000000014
